unit,index,question_template_name,group,Notes
linear equations,1001,equations as constraints,new,
linear equations,1002,graph analysis,new,
linear equations,1003,defining & using slope,new,
linear equations,1004,slope intercept form,new,
linear equations,1005,point slope form,new,
linear equations,1006,systems of equations - substitution,new,
linear equations,1007,systems of equations - elimination,new,
linear equations,1008,systems of equations - # of solutions,new,
linear equations,1009,Algebraic Manipulation - III,foundational,"multivariable, fractions"
linear equations,1010,Algebraic Manipulation - II,foundational,"distributive property, negatives"
linear equations,1011,Algebraic Manipulation - I,foundational,associative & commutative
linear equations,1012,relationships & modeling equations,foundational,
linear equations,1013,coordinate plane,foundational,
linear equations,1014,number line,foundational,
linear equations,1015,ordered pairs,foundational,